{
  "crown_fade": [
    {
      "x": 502.5,
      "y": 225.0
    },
    {
      "x": 502.5,
      "y": 675.0
    }
  ],
  "gleam": [
    {
      "x": 502.5,
      "y": 225.0
    },
    {
      "x": 502.5,
      "y": 675.0
    }
  ],
  "crown_clear": [
    {
      "x": 502.5,
      "y": 225.0
    },
    {
      "x": 502.5,
      "y": 675.0
    }
  ],
  "crown_fc": [
    {
      "x": 502.5,
      "y": 225.0
    },
    {
      "x": 502.5,
      "y": 675.0
    }
  ],
  "crown_dfc": [
    {
      "x": 502.5,
      "y": 225.0
    },
    {
      "x": 502.5,
      "y": 675.0
    }
  ]
}