{
  "footer": {
    "x": 1.5,
    "y": 862.5
  },
  "footer_left": {
    "x": 1.5,
    "y": 901.5
  },
  "footer_right": {
    "x": 963.0,
    "y": 901.5
  },
  "box_top_left": {
    "x": 357.0,
    "y": 162.0
  },
  "box_top_right": {
    "x": 1468.5,
    "y": 162.0
  },
  "box_bottom_left": {
    "x": 357.0,
    "y": 780.0
  },
  "box_bottom_right": {
    "x": 1468.5,
    "y": 780.0
  },
  "box_top": {
    "x": 453.0,
    "y": 162.0,
    "x2": 1015.5
  },
  "box_bottom": {
    "x": 453.0,
    "y": 780.0,
    "x2": 1015.5
  },
  "box_left": {
    "x": 357.0,
    "y": 258.0,
    "y2": 522.0
  },
  "box_right": {
    "x": 1468.5,
    "y": 258.0,
    "y2": 522.0
  },
  "box_center": {
    "x": 453.0,
    "y": 258.0,
    "x2": 1015.5,
    "y2": 522.0
  },
  "question": {
    "x": 576.0,
    "y": 216.0
  },
  "1P": {
    "x": 391.5,
    "y": 600.0
  },
  "1P_highlight": {
    "x": 391.5,
    "y": 600.0
  },
  "2P": {
    "x": 1143.0,
    "y": 600.0
  },
  "2P_highlight": {
    "x": 1143.0,
    "y": 600.0
  },
  "cancel": {
    "x": 768.0,
    "y": 600.0
  },
  "cancel_highlight": {
    "x": 768.0,
    "y": 600.0
  },
  "cancel_text": {
    "x": 768.0,
    "y": 612.0
  },
  "cancel_outline": {
    "x": 768.0,
    "y": 600.0
  },
  "1P2P_outline": [
    {
      "x": 391.5,
      "y": 600.0
    },
    {
      "x": 1143.0,
      "y": 600.0
    }
  ],
  "red_drum": {
    "x": 240.0,
    "y": 1080.0
  },
  "blue_drum": {
    "x": 1170.0,
    "y": 1080.0
  },
  "cloud": {
    "x": 240.0,
    "y": 780.0
  }
}