{
    "background": {
        "x": 0,
        "y": 360
    },
    "overlay": {
        "x": 280,
        "y": 532
    },
    "lamp_overlay": [
        {
            "x": 974,
            "y": 600
        },
        {
            "x": 50,
            "y": 600
        }
    ],
    "lamp": [
        {
            "x": 974,
            "y": 600
        },
        {
            "x": 50,
            "y": 600
        }
    ],
    "light_overlay": [
        {
            "x": -45,
            "y": 330
        },
        {
            "x": 93,
            "y": 370
        },
        {
            "x": 231,
            "y": 390
        },
        {
            "x": 370,
            "y": 370
        },
        {
            "x": 508,
            "y": 330
        },
        {
            "x": 647,
            "y": 330
        },
        {
            "x": 785,
            "y": 370
        },
        {
            "x": 924,
            "y": 390
        },
        {
            "x": 1062,
            "y": 370
        },
        {
            "x": 1201,
            "y": 330
        }
    ],
    "paper_lamp": [
        {
            "x": -35,
            "y": 340
        },
        {
            "x": 103,
            "y": 380
        },
        {
            "x": 241,
            "y": 400
        },
        {
            "x": 380,
            "y": 380
        },
        {
            "x": 518,
            "y": 340
        },
        {
            "x": 657,
            "y": 340
        },
        {
            "x": 785,
            "y": 380
        },
        {
            "x": 934,
            "y": 400
        },
        {
            "x": 1072,
            "y": 380
        },
        {
            "x": 1211,
            "y": 340
        }
    ]
}
