{
  "song_num": {
    "x": 330,
    "y": 97
  },
  "difficulty": {
    "x": 1117,
    "y": 186
  },
  "diff_num": {
    "x": 1216,
    "y": 202
  },
  "diff_star": {
    "x": 1171,
    "y": 202
  },
  "diff_x": {
    "x": 1189,
    "y": 202
  },
  "good": [
    {
      "x": 371,
      "y": 194
    },
    {
      "x": 747,
      "y": 178
    }
  ],
  "ok": [
    {
      "x": 517,
      "y": 194
    },
    {
      "x": 747,
      "y": 218
    }
  ],
  "bad": [
    {
      "x": 668,
      "y": 194
    },
    {
      "x": 747,
      "y": 258
    }
  ],
  "drumroll": [
    {
      "x": 778,
      "y": 194
    },
    {
      "x": 945,
      "y": 218
    }
  ],
  "max_combo": {
    "x": 945,
    "y": 178
  },
  "max_hits": {
    "x": 945,
    "y": 258
  },
  "exam_header": {
    "x": 391,
    "y": 317
  },
  "score_box": {
    "x": 451,
    "y": 226
  },
  "score_counter": {
    "x": 623,
    "y": 242
  },
  "counter": [
    {
      "x": 473,
      "y": 194
    },
    {
      "x": 620,
      "y": 194
    },
    {
      "x": 797,
      "y": 194
    },
    {
      "x": 1014,
      "y": 194
    },
    {
      "x": 880,
      "y": 178
    },
    {
      "x": 880,
      "y": 218
    },
    {
      "x": 880,
      "y": 258
    },
    {
      "x": 1178,
      "y": 178
    },
    {
      "x": 1178,
      "y": 218
    },
    {
      "x": 1178,
      "y": 258
    }
  ],
  "dan_emblem": {
    "x": 108,
    "y": 95
  }
}
