{
  "background": {
    "x": 0.0,
    "y": 0.0,
    "x2": 1920.0,
    "y2": 1080.0
  },
  "bachi": {
    "x": 525.0,
    "y": 330.0
  },
  "bachi_hit": {
    "x": 525.0,
    "y": 337.5
  },
  "chara_0": {
    "x": 172.5,
    "y": 225.0
  },
  "chara_1": {
    "x": 472.5,
    "y": 150.0
  },
  "chara_0_shadow": {
    "x": 202.5,
    "y": 679.5
  },
  "chara_1_shadow": {
    "x": 540.0,
    "y": 690.0
  },
  "warning_box": {
    "x": 0.0,
    "y": 0.0
  },
  "x_lightred": {
    "x": 225.0,
    "y": 300.0
  },
  "x_red": {
    "x": 225.0,
    "y": 300.0
  }
}