{
  "back_graphic": {
    "x": 747.0,
    "y": 375.0
  },
  "back_text": {
    "x": 34.5,
    "y": 52.5
  },
  "back_text_highlight": {
    "x": 45.0,
    "y": 196.5
  },
  "background": {},
  "folder_texture_left": {
    "y": 142.5
  },
  "folder_texture": {
    "x": 48.0,
    "y": 141.0
  },
  "folder_texture_right": {
    "x": 96.0,
    "y": 142.5
  },
  "folder_clip": {
    "x": 6.0,
    "y": -9.0
  },
  "folder_top": {
    "x": -96.0,
    "y": 141.0,
    "x2": 331.5
  },
  "folder_top_edge": {
    "x": -166.5,
    "y": 141.0
  },
  "folder_text": {
    "x": 975.0,
    "y": 187.5
  },
  "folder_graphic": {
    "x": 705.0,
    "y": 270.0
  },
  "folder_background": {
    "x": 27.0,
    "y": -105.0
  },
  "folder_background_edge": {
    "x": -7.5,
    "y": -105.0
  },
  "folder_background_folder": {
    "x": 960.0,
    "y": -102.0
  },
  "folder_background_folder_edge": {
    "x": 912.0,
    "y": -102.0
  },
  "genre_overlay": {
    "x": 18.0,
    "y": 24.0
  },
  "genre_overlay_large": {
    "x": -207.0,
    "y": 24.0
  },
  "diff_overlay": {
    "x": 18.0,
    "y": 24.0
  },
  "diff_overlay_large": {
    "x": -207.0,
    "y": 24.0
  }
}