{
  "1p_unfilled": {
    "x": 723.0,
    "y": 142.5
  },
  "1p_bar": {
    "x": 735.0,
    "y": 184.5
  },
  "rainbow": {
    "x": 723.0,
    "y": 178.5
  },
  "2p_unfilled": {
    "x": 723.0,
    "y": 142.5
  },
  "2p_bar": {
    "x": 735.0,
    "y": 184.5
  },
  "overlay": {
    "x": 723.0,
    "y": 142.5
  },
  "footer": {
    "x": 1696.5,
    "y": 142.5
  },
  "tamashii_fire": {
    "x": 1621.5,
    "y": -81.0
  },
  "tamashii": {
    "x": 1699.5,
    "y": 138.0
  },
  "tamashii_dark": {
    "x": 1699.5,
    "y": 138.0
  },
  "tamashii_overlay": {
    "x": 1699.5,
    "y": 138.0
  }
}