{
  "lane_background": [
    {
      "x": 498.0,
      "y": 276.0,
      "x2": 1422.0
    },
    {
      "x": 498.0,
      "y": 540.0,
      "x2": 1422.0
    }
  ],
  "lane_hit_effect": [
    {
      "x": 492.0,
      "y": 288.0,
      "x2": 1426.5,
      "y2": 195.0
    },
    {
      "x": 492.0,
      "y": 552.0,
      "x2": 1426.5,
      "y2": 195.0
    }
  ],
  "lane_hit_circle": [
    {
      "x": 513.0,
      "y": 276.0
    },
    {
      "x": 513.0,
      "y": 540.0
    }
  ],
  "1p_lane_cover": {
    "x": 0.0,
    "y": 276.0
  },
  "dan_lane_cover": {
    "x": 0.0,
    "y": 276.0
  },
  "2p_lane_cover": [
    {
      "x": 0.0,
      "y": 276.0
    },
    {
      "x": 0.0,
      "y": 540.0
    }
  ],
  "lane_score_cover": [
    {
      "x": 0.0,
      "y": 276.0
    },
    {
      "x": 0.0,
      "y": 733.5
    }
  ],
  "drum": [
    {
      "x": 316.5,
      "y": 309.0
    },
    {
      "x": 316.5,
      "y": 573.0
    }
  ],
  "auto_icon": [
    {
      "x": 0.0,
      "y": 435.0
    },
    {
      "x": 0.0,
      "y": 556.5
    }
  ],
  "1p_icon": [
    {
      "x": 0.0,
      "y": 337.5
    },
    {
      "x": 0.0,
      "y": 637.5
    }
  ],
  "2p_icon": [
    {
      "x": 0.0,
      "y": 337.5
    },
    {
      "x": 0.0,
      "y": 642.0
    }
  ],
  "lane_difficulty": [
    {
      "x": 75.0,
      "y": 333.0
    },
    {
      "x": 75.0,
      "y": 640.5
    }
  ],
  "drum_don_l": [
    {
      "x": 316.5,
      "y": 309.0
    },
    {
      "x": 316.5,
      "y": 573.0
    }
  ],
  "drum_don_r": [
    {
      "x": 316.5,
      "y": 309.0
    },
    {
      "x": 316.5,
      "y": 573.0
    }
  ],
  "drum_kat_l": [
    {
      "x": 316.5,
      "y": 309.0
    },
    {
      "x": 316.5,
      "y": 573.0
    }
  ],
  "drum_kat_r": [
    {
      "x": 316.5,
      "y": 309.0
    },
    {
      "x": 316.5,
      "y": 573.0
    }
  ],
  "score_number": {},
  "mod_shinuchi": [
    {
      "x": 270.0,
      "y": 285.0
    },
    {
      "x": 270.0,
      "y": 733.5
    }
  ],
  "mod_abekobe": [
    {
      "x": 211.5,
      "y": 381.0
    },
    {
      "x": 211.5,
      "y": 550.5
    }
  ],
  "mod_baisaku": [
    {
      "x": 211.5,
      "y": 336.0
    },
    {
      "x": 211.5,
      "y": 550.5
    }
  ],
  "mod_sanbai": [
    {
      "x": 211.5,
      "y": 336.0
    },
    {
      "x": 211.5,
      "y": 550.5
    }
  ],
  "mod_yonbai": [
    {
      "x": 211.5,
      "y": 336.0
    },
    {
      "x": 211.5,
      "y": 550.5
    }
  ],
  "mod_detarame": [
    {
      "x": 256.5,
      "y": 381.0
    },
    {
      "x": 256.5,
      "y": 550.5
    }
  ],
  "mod_kimagure": [
    {
      "x": 256.5,
      "y": 381.0
    },
    {
      "x": 256.5,
      "y": 700.5
    }
  ],
  "mod_doron": [
    {
      "x": 256.5,
      "y": 336.0
    },
    {
      "x": 256.5,
      "y": 700.5
    }
  ]
}