{
  "0_start": {
    "y": 622.5
  },
  "0_loop": {
    "y": 622.5
  },
  "0_end": {
    "y": 622.5
  },
  "1_start": {
    "y": 622.5
  },
  "1_loop": {
    "y": 622.5
  },
  "1_end": {
    "y": 622.5
  },
  "2_start": {
    "y": 517.5
  },
  "2_loop": {
    "y": 547.5
  },
  "2_end": {
    "y": 622.5
  },
  "3_start": {
    "y": 592.5
  },
  "3_loop": {
    "y": 592.5
  },
  "3_end": {
    "y": 622.5
  },
  "4_start": {
    "y": 645.0
  },
  "4_loop": {
    "y": 645.0
  },
  "4_end": {
    "y": 622.5
  }
}