{
  "exam_bg": {
    "x": 702.0,
    "y": 589.5
  },
  "exam_failed": {
    "x": 1122.0,
    "y": 607.5
  },
  "exam_overlay_1": {
    "x": 702.0,
    "y": 589.5
  },
  "exam_overlay_2": {
    "x": 702.0,
    "y": 589.5
  },
  "exam_max": {
    "x": 709.5,
    "y": 601.5
  },
  "exam_gold": {
    "x": 709.5,
    "y": 601.5
  },
  "exam_red": {
    "x": 709.5,
    "y": 601.5
  },
  "exam_combo": {
    "x": 1608.0,
    "y": 619.5
  },
  "exam_combo_text": {
    "x": 1608.0,
    "y": 619.5
  },
  "exam_drumroll": {
    "x": 1608.0,
    "y": 619.5
  },
  "exam_gauge": {
    "x": 1608.0,
    "y": 619.5
  },
  "exam_hit": {
    "x": 1608.0,
    "y": 619.5
  },
  "exam_judgebad": {
    "x": 1608.0,
    "y": 619.5
  },
  "exam_judgegood": {
    "x": 1638.0,
    "y": 619.5
  },
  "exam_judgeperfect": {
    "x": 1638.0,
    "y": 619.5
  },
  "exam_less": {
    "x": 1752.0,
    "y": 619.5
  },
  "exam_more": {
    "x": 1752.0,
    "y": 619.5
  },
  "exam_percent": [
    {
      "x": 1564.5,
      "y": 619.5
    },
    {
      "x": 708.0,
      "y": 609.0
    }
  ],
  "exam_score": {
    "x": 1572.0,
    "y": 619.5
  },
  "value_counter": [
    {
      "x": 1744.5,
      "y": 619.5
    },
    {
      "x": 952.5,
      "y": 601.5
    }
  ],
  "fail": {
    "x": 48.0,
    "y": 264.0
  },
  "red_clear": {
    "x": 48.0,
    "y": 264.0
  },
  "gold_clear": {
    "x": 48.0,
    "y": 264.0
  }
}