{
  "judge_bad": [
    {
      "x": 555.0
    },
    {
      "x": 555.0,
      "y": 264.0
    }
  ],
  "judge_ok": [
    {
      "x": 555.0
    },
    {
      "x": 555.0,
      "y": 264.0
    }
  ],
  "judge_good": [
    {
      "x": 555.0
    },
    {
      "x": 555.0,
      "y": 264.0
    }
  ],
  "hit_effect_good_big": [
    {
      "x": 513.0,
      "y": 276.0
    },
    {
      "x": 513.0,
      "y": 540.0
    }
  ],
  "outer_good_big": [
    {
      "x": 456.0,
      "y": 214.5
    },
    {
      "x": 456.0,
      "y": 478.5
    }
  ],
  "hit_effect_good": [
    {
      "x": 513.0,
      "y": 276.0
    },
    {
      "x": 513.0,
      "y": 540.0
    }
  ],
  "hit_effect_ok": [
    {
      "x": 513.0,
      "y": 276.0
    },
    {
      "x": 513.0,
      "y": 540.0
    }
  ],
  "outer_good": [
    {
      "x": 456.0,
      "y": 214.5
    },
    {
      "x": 456.0,
      "y": 478.5
    }
  ],
  "outer_ok": [
    {
      "x": 456.0,
      "y": 214.5
    },
    {
      "x": 456.0,
      "y": 478.5
    }
  ],
  "hit_effect_ok_big": [
    {
      "x": 513.0,
      "y": 276.0
    },
    {
      "x": 513.0,
      "y": 540.0
    }
  ],
  "outer_ok_big": [
    {
      "x": 456.0,
      "y": 214.5
    },
    {
      "x": 456.0,
      "y": 478.5
    }
  ],
  "explosion": [
    {},
    {
      "y": 264.0
    }
  ]
}