{
  "normal": [
    {
      "x": 1606.5,
      "y": 340.5
    },
    {
      "x": 1606.5,
      "y": 604.5
    }
  ],
  "expert": [
    {
      "x": 1606.5,
      "y": 340.5
    },
    {
      "x": 1606.5,
      "y": 604.5
    }
  ],
  "master": [
    {
      "x": 1606.5,
      "y": 340.5
    },
    {
      "x": 1606.5,
      "y": 604.5
    }
  ],
  "expert_bg": [
    {
      "x": 498.0,
      "y": 277.5,
      "x2": 1422.0
    },
    {
      "x": 498.0,
      "y": 541.5,
      "x2": 1422.0
    }
  ],
  "master_bg": [
    {
      "x": 498.0,
      "y": 277.5,
      "x2": 1422.0
    },
    {
      "x": 498.0,
      "y": 541.5,
      "x2": 1422.0
    }
  ],
  "level_up": [
    {
      "x": 244.5,
      "y": 192.0
    },
    {
      "x": 244.5,
      "y": 802.5
    }
  ],
  "level_down": [
    {
      "x": 244.5,
      "y": 192.0
    },
    {
      "x": 244.5,
      "y": 802.5
    }
  ]
}