{
  "judge_bad": [
    {
      "x": 370
    },
    {
      "x": 370,
      "y": 176
    }
  ],
  "judge_ok": [
    {
      "x": 370
    },
    {
      "x": 370,
      "y": 176
    }
  ],
  "judge_good": [
    {
      "x": 370
    },
    {
      "x": 370,
      "y": 176
    }
  ],
  "hit_effect_good_big": [
    {
      "x": 342,
      "y": 184
    },
    {
      "x": 342,
      "y": 360
    }
  ],
  "outer_good_big": [
    {
      "x": 304,
      "y": 143
    },
    {
      "x": 304,
      "y": 319
    }
  ],
  "hit_effect_good": [
    {
      "x": 342,
      "y": 184
    },
    {
      "x": 342,
      "y": 360
    }
  ],
  "hit_effect_ok": [
    {
      "x": 342,
      "y": 184
    },
    {
      "x": 342,
      "y": 360
    }
  ],
  "outer_good": [
    {
      "x": 304,
      "y": 143
    },
    {
      "x": 304,
      "y": 319
    }
  ],
  "outer_ok": [
    {
      "x": 304,
      "y": 143
    },
    {
      "x": 304,
      "y": 319
    }
  ],
  "hit_effect_ok_big": [
    {
      "x": 342,
      "y": 184
    },
    {
      "x": 342,
      "y": 360
    }
  ],
  "outer_ok_big": [
    {
      "x": 304,
      "y": 143
    },
    {
      "x": 304,
      "y": 319
    }
  ],
  "explosion": [
    {},
    {
      "y": 176
    }
  ]
}
