{
  "bg": {
    "x": 384.0,
    "y": 315.0
  },
  "confirmation_text": {
    "x": 630.0,
    "y": 375.0
  },
  "selection_box": [
    {
      "x": 478.5,
      "y": 483.0
    },
    {
      "x": 979.5,
      "y": 483.0
    }
  ],
  "selection_box_highlight": [
    {
      "x": 478.5,
      "y": 483.0
    },
    {
      "x": 979.5,
      "y": 483.0
    }
  ],
  "selection_box_outline": [
    {
      "x": 478.5,
      "y": 483.0
    },
    {
      "x": 979.5,
      "y": 483.0
    }
  ],
  "yes": {
    "x": 979.5,
    "y": 483.0
  },
  "no": {
    "x": 478.5,
    "y": 483.0
  }
}