{
  "bottom": {
    "x": 7.5,
    "y": 1222.5
  },
  "top": {
    "x": 7.5,
    "y": 1080.0
  },
  "mod_bg": {
    "x": 52.5,
    "y": 1222.5
  },
  "mod_bg_highlight": {
    "x": 52.5,
    "y": 1222.5
  },
  "mod_box": {
    "x": 67.5,
    "y": 1228.5
  },
  "background": {
    "x": 7.5,
    "y": 1222.5
  },
  "1p": {
    "x": 135.0,
    "y": 1132.5
  },
  "2p": {
    "x": 135.0,
    "y": 1132.5
  },
  "mod_auto": {
    "x": 78.0,
    "y": 1240.5
  },
  "mod_baisaku": {
    "x": 67.5,
    "y": 1228.5
  },
  "mod_sanbai": {
    "x": 67.5,
    "y": 1228.5
  },
  "mod_yonbai": {
    "x": 67.5,
    "y": 1228.5
  },
  "mod_doron": {
    "x": 67.5,
    "y": 1228.5
  },
  "mod_abekobe": {
    "x": 67.5,
    "y": 1228.5
  },
  "mod_kimagure": {
    "x": 67.5,
    "y": 1228.5
  },
  "mod_detarame": {
    "x": 67.5,
    "y": 1228.5
  },
  "blue_arrow": {
    "x": 375.0,
    "y": 1228.5
  }
}