{
  "border": {
    "x": 327,
    "y": 132
  },
  "1p_unfilled": {
    "x": 483,
    "y": 132
  },
  "2p_unfilled": {
    "x": 483,
    "y": 132
  },
  "overlay": {
    "x": 483,
    "y": 124
  },
  "rainbow": {
    "x": 483,
    "y": 152
  },
  "1p_bar": {
    "x": 491,
    "y": 160
  },
  "2p_bar": {
    "x": 491,
    "y": 160
  },
  "1p_bar_fade": {
    "x": 478,
    "y": 152
  },
  "2p_bar_fade": {
    "x": 478,
    "y": 152
  },
  "tamashii": {
    "x": 1187,
    "y": 130
  },
  "tamashii_dark": {
    "x": 1187,
    "y": 130
  },
  "tamashii_overlay": {
    "x": 1187,
    "y": 130
  },
  "tamashii_fire": {
    "x": 1133,
    "y": -17
  },
  "hit_effect_circle": {
    "x": 1158,
    "y": 101
  },
  "hit_effect_circle_big": {
    "x": 1158,
    "y": 101
  },
  "hit_effect": {
    "x": 1223,
    "y": 164
  }
}
