{
  "border_hard": [
    {
      "x": 327,
      "y": 132
    },
    {
      "x": 327,
      "y": 536
    }
  ],
  "border_normal": [
    {
      "x": 327,
      "y": 132
    },
    {
      "x": 327,
      "y": 536
    }
  ],
  "border_easy": [
    {
      "x": 327,
      "y": 132
    },
    {
      "x": 327,
      "y": 536
    }
  ],
  "1p_unfilled_hard": [
    {
      "x": 483,
      "y": 124
    },
    {
      "x": 483,
      "y": 536
    }
  ],
  "1p_unfilled_normal": [
    {
      "x": 483,
      "y": 124
    },
    {
      "x": 483,
      "y": 536
    }
  ],
  "1p_unfilled_easy": [
    {
      "x": 483,
      "y": 124
    },
    {
      "x": 483,
      "y": 536
    }
  ],
  "2p_unfilled_hard": [
    {
      "x": 483,
      "y": 124
    },
    {
      "x": 483,
      "y": 536
    }
  ],
  "2p_unfilled_normal": [
    {
      "x": 483,
      "y": 536
    },
    {
      "x": 483,
      "y": 536
    }
  ],
  "2p_unfilled_easy": [
    {
      "x": 483,
      "y": 124
    },
    {
      "x": 483,
      "y": 536
    }
  ],
  "overlay_hard": [
    {
      "x": 483,
      "y": 124
    },
    {
      "x": 483,
      "y": 536
    }
  ],
  "overlay_normal": [
    {
      "x": 483,
      "y": 124
    },
    {
      "x": 483,
      "y": 536
    }
  ],
  "overlay_easy": [
    {
      "x": 483,
      "y": 124
    },
    {
      "x": 483,
      "y": 536
    }
  ],
  "rainbow_hard": [
    {
      "x": 483,
      "y": 124
    },
    {
      "x": 483,
      "y": 536
    }
  ],
  "rainbow_normal": [
    {
      "x": 483,
      "y": 124
    },
    {
      "x": 483,
      "y": 536
    }
  ],
  "rainbow_easy": [
    {
      "x": 483,
      "y": 124
    },
    {
      "x": 483,
      "y": 536
    }
  ],
  "clear": [
    {
      "x": 898,
      "y": 141
    },
    {
      "x": 968,
      "y": 141
    },
    {
      "x": 1038,
      "y": 141
    },
    {
      "x": 898,
      "y": 560
    },
    {
      "x": 968,
      "y": 560
    },
    {
      "x": 1038,
      "y": 560
    }
  ],
  "clear_dark": [
    {
      "x": 898,
      "y": 141
    },
    {
      "x": 968,
      "y": 141
    },
    {
      "x": 1038,
      "y": 141
    },
    {
      "x": 898,
      "y": 560
    },
    {
      "x": 968,
      "y": 560
    },
    {
      "x": 1038,
      "y": 560
    }
  ],
  "bar_clear_transition": [
    {
      "x": 491,
      "y": 136
    },
    {
      "x": 491,
      "y": 540
    }
  ],
  "bar_clear_top": [
    {
      "x": 493,
      "y": 138
    },
    {
      "x": 493,
      "y": 562
    }
  ],
  "bar_clear_bottom": [
    {
      "x": 493,
      "y": 160
    },
    {
      "x": 493,
      "y": 538
    }
  ],
  "1p_bar": [
    {
      "x": 491,
      "y": 160
    },
    {
      "x": 491,
      "y": 538
    }
  ],
  "2p_bar": [
    {
      "x": 491,
      "y": 160
    },
    {
      "x": 491,
      "y": 538
    }
  ],
  "bar_clear_transition_fade": [
    {
      "x": 478,
      "y": 128
    },
    {
      "x": 478,
      "y": 540
    }
  ],
  "bar_clear_fade": [
    {
      "x": 478,
      "y": 130
    },
    {
      "x": 478,
      "y": 542
    }
  ],
  "1p_bar_fade": [
    {
      "x": 478,
      "y": 152
    },
    {
      "x": 478,
      "y": 530
    }
  ],
  "2p_bar_fade": [
    {
      "x": 478,
      "y": 152
    },
    {
      "x": 478,
      "y": 530
    }
  ],
  "tamashii": [
    {
      "x": 1187,
      "y": 130
    },
    {
      "x": 1187,
      "y": 532
    }
  ],
  "tamashii_dark": [
    {
      "x": 1187,
      "y": 130
    },
    {
      "x": 1187,
      "y": 532
    }
  ],
  "tamashii_overlay": [
    {
      "x": 1187,
      "y": 130
    },
    {
      "x": 1187,
      "y": 532
    }
  ],
  "tamashii_fire": [
    {
      "x": 1133,
      "y": -17
    },
    {
      "x": 1133,
      "y": 395
    }
  ],
  "hit_effect_circle": [
    {
      "x": 1158,
      "y": 101
    },
    {
      "x": 1158,
      "y": 513
    }
  ],
  "hit_effect_circle_big": [
    {
      "x": 1158,
      "y": 101
    },
    {
      "x": 1158,
      "y": 513
    }
  ],
  "hit_effect": [
    {
      "x": 1223,
      "y": 164
    },
    {
      "x": 1223,
      "y": 576
    }
  ]
}
