{
  "total_notes": {
    "x": 85.5,
    "y": 753.0
  },
  "total_notes_counter": {
    "x": 349.5,
    "y": 825.0
  },
  "exam_bg": {
    "x": 450.0,
    "y": 559.5
  },
  "exam_failed": {
    "x": 960.0,
    "y": 577.5
  },
  "exam_overlay_1": {
    "x": 450.0,
    "y": 559.5
  },
  "exam_overlay_2": {
    "x": 450.0,
    "y": 559.5
  },
  "frame": {
    "x": 69.0,
    "y": 550.5
  },
  "exam_max": {
    "x": 457.5,
    "y": 573.0
  },
  "exam_gold": {
    "x": 457.5,
    "y": 573.0
  },
  "exam_red": {
    "x": 457.5,
    "y": 573.0
  },
  "exam_combo": {
    "x": 1572.0,
    "y": 619.5
  },
  "exam_combo_text": {
    "x": 1572.0,
    "y": 619.5
  },
  "exam_drumroll": {
    "x": 1572.0,
    "y": 619.5
  },
  "exam_gauge": {
    "x": 1539.0,
    "y": 619.5
  },
  "exam_hit": {
    "x": 1539.0,
    "y": 619.5
  },
  "exam_judgebad": {
    "x": 1572.0,
    "y": 619.5
  },
  "exam_judgegood": {
    "x": 1602.0,
    "y": 619.5
  },
  "exam_judgeperfect": {
    "x": 1602.0,
    "y": 619.5
  },
  "exam_less": {
    "x": 1759.5,
    "y": 619.5
  },
  "exam_more": {
    "x": 1759.5,
    "y": 619.5
  },
  "exam_percent": [
    {
      "x": 1726.5,
      "y": 627
    },
    {
      "x": 708.0,
      "y": 594.0
    }
  ],
  "exam_score": {
    "x": 1572.0,
    "y": 619.5
  },
  "value_counter": [
    {
      "x": 1752.0,
      "y": 619.5
    },
    {
      "x": 700.5,
      "y": 586.5
    }
  ]
}
