{
    "background": {
        "x": 0,
        "y": 360,
        "x2": 1280
    },
    "center": {
        "x": 392,
        "y": 360
    },
    "lamps": [
        {
            "x": 690,
            "y": 490
        },
        {
            "x": 470,
            "y": 490
        }
    ],
    "overlay": {
        "x": 0,
        "y": 360
    },
    "side_l": {
        "x": 100,
        "y": 360
    },
    "side_r": {
        "x": 844,
        "y": 360
    },
    "side_l_2": {
        "x": 320,
        "y": 520
    },
    "light_green": {
        "x": 540,
        "y": 350
    },
    "light_orange": [
        {
            "x": 820,
            "y": 300
        },
        {
            "x": 260,
            "y": 300
        },
        {
            "x": 650,
            "y": 350
        }
    ],
    "light_red": {
        "x": 420,
        "y": 350
    },
    "light_yellow": [
        {
            "x": 420,
            "y": 500
        },
        {
            "x": 650,
            "y": 500
        }
    ]
}
