{
  "progress_bar": {
    "x": 501.0,
    "y": 546.0
  },
  "progress_bar_bg": {
    "x": 501.0,
    "y": 546.0,
    "y2": 27.0,
    "x2": 1335.0
  },
  "gogo_marker": {
    "x": 501.0,
    "y": 546.0
  },
  "large_drum": [
    {
      "x": 595.5,
      "y": 658.5
    },
    {
      "x": 1300.5,
      "y": 658.5
    }
  ],
  "large_drum_don": [
    {
      "x": 595.5,
      "y": 658.5
    },
    {
      "x": 1300.5,
      "y": 658.5
    }
  ],
  "large_drum_kat_l": [
    {
      "x": 595.5,
      "y": 658.5
    },
    {
      "x": 1300.5,
      "y": 658.5
    }
  ],
  "large_drum_kat_r": [
    {
      "x": 595.5,
      "y": 658.5
    },
    {
      "x": 1300.5,
      "y": 658.5
    }
  ],
  "playing": [
    {
      "x": 694.5,
      "y": 819.0
    },
    {
      "x": 1399.5,
      "y": 819.0
    }
  ],
  "paused": {
    "x": 1023.0,
    "y": 262.5
  }
}