{
  "combo": [
    {
      "x": 351.0,
      "y": 397.5
    },
    {
      "x": 351.0,
      "y": 661.5
    }
  ],
  "combo_100": [
    {
      "x": 351.0,
      "y": 397.5
    },
    {
      "x": 351.0,
      "y": 661.5
    }
  ],
  "gleam": {},
  "counter": [
    {
      "x": 393.0,
      "y": 330.0
    },
    {
      "x": 393.0,
      "y": 594.0
    }
  ],
  "counter_100": [
    {
      "x": 393.0,
      "y": 330.0
    },
    {
      "x": 393.0,
      "y": 594.0
    }
  ],
  "announce_bg_1p": [
    {
      "x": 390.0,
      "y": 30.0
    },
    {
      "x": 390.0,
      "y": 834.0
    }
  ],
  "announce_bg_2p": [
    {
      "x": 390.0,
      "y": 30.0
    },
    {
      "x": 390.0,
      "y": 834.0
    }
  ],
  "announce_text": [
    {
      "x": 697.5,
      "y": 120.0
    },
    {
      "x": 697.5,
      "y": 924.0
    }
  ],
  "announce_number": [
    {
      "x": 510.0,
      "y": 90.0
    },
    {
      "x": 510.0,
      "y": 894.0
    }
  ],
  "announce_add": [
    {
      "y": 84.0
    },
    {
      "y": 888.0
    }
  ]
}