{
  "overlay": [
    {
      "x": 532,
      "y": 98
    },
    {
      "x": 532,
      "y": 398
    }
  ],
  "difficulty": [
    {
      "x": 289,
      "y": 129
    },
    {
      "x": 289,
      "y": 429
    }
  ],
  "judge_good": [
    {
      "x": 817,
      "y": 186
    },
    {
      "x": 817,
      "y": 486
    }
  ],
  "judge_ok": [
    {
      "x": 817,
      "y": 227
    },
    {
      "x": 817,
      "y": 527
    }
  ],
  "judge_bad": [
    {
      "x": 817,
      "y": 267
    },
    {
      "x": 817,
      "y": 567
    }
  ],
  "max_combo": [
    {
      "x": 987,
      "y": 186
    },
    {
      "x": 987,
      "y": 486
    }
  ],
  "drumroll": [
    {
      "x": 981,
      "y": 227
    },
    {
      "x": 981,
      "y": 527
    }
  ],
  "judge_num": [
    {
      "x": 943,
      "y": 186
    },
    {
      "x": 943,
      "y": 227
    },
    {
      "x": 943,
      "y": 267
    },
    {
      "x": 1217,
      "y": 186
    },
    {
      "x": 1217,
      "y": 227
    },
    {
      "x": 943,
      "y": 486
    },
    {
      "x": 943,
      "y": 527
    },
    {
      "x": 943,
      "y": 567
    },
    {
      "x": 1217,
      "y": 486
    },
    {
      "x": 1217,
      "y": 527
    }
  ],
  "score_shinuchi": [
    {
      "x": 554,
      "y": 236
    },
    {
      "x": 554,
      "y": 536
    }
  ],
  "score_num": [
    {
      "x": 723,
      "y": 252
    },
    {
      "x": 723,
      "y": 552
    }
  ],
  "high_score": [
    {
      "x": 555,
      "y": 225
    },
    {
      "x": 555,
      "y": 525
    }
  ],
  "high_score_num": [
    {
      "x": 720,
      "y": 260
    },
    {
      "x": 720,
      "y": 560
    }
  ],
  "mod_doron": [
    {
      "x": 440,
      "y": 320
    },
    {
      "x": 440,
      "y": 620
    }
  ],
  "mod_abekobe": [
    {
      "x": 406,
      "y": 320
    },
    {
      "x": 406,
      "y": 620
    }
  ],
  "mod_kimagure": [
    {
      "x": 372,
      "y": 320
    },
    {
      "x": 372,
      "y": 620
    }
  ],
  "mod_detarame": [
    {
      "x": 372,
      "y": 320
    },
    {
      "x": 372,
      "y": 620
    }
  ],
  "mod_baisaku": [
    {
      "x": 338,
      "y": 320
    },
    {
      "x": 338,
      "y": 620
    }
  ],
  "mod_sanbai": [
    {
      "x": 338,
      "y": 320
    },
    {
      "x": 338,
      "y": 620
    }
  ],
  "mod_yonbai": [
    {
      "x": 338,
      "y": 320
    },
    {
      "x": 338,
      "y": 620
    }
  ]
}
