{
  "overlay": [
    {
      "x": 798.0,
      "y": 147.0
    },
    {
      "x": 798.0,
      "y": 597.0
    }
  ],
  "difficulty": [
    {
      "x": 433.5,
      "y": 193.5
    },
    {
      "x": 433.5,
      "y": 643.5
    }
  ],
  "judge_good": [
    {
      "x": 1225.5,
      "y": 279.0
    },
    {
      "x": 1225.5,
      "y": 729.0
    }
  ],
  "judge_ok": [
    {
      "x": 1225.5,
      "y": 340.5
    },
    {
      "x": 1225.5,
      "y": 790.5
    }
  ],
  "judge_bad": [
    {
      "x": 1225.5,
      "y": 400.5
    },
    {
      "x": 1225.5,
      "y": 850.5
    }
  ],
  "max_combo": [
    {
      "x": 1480.5,
      "y": 279.0
    },
    {
      "x": 1480.5,
      "y": 729.0
    }
  ],
  "drumroll": [
    {
      "x": 1471.5,
      "y": 340.5
    },
    {
      "x": 1471.5,
      "y": 790.5
    }
  ],
  "judge_num": [
    {
      "x": 1414.5,
      "y": 279.0
    },
    {
      "x": 1414.5,
      "y": 340.5
    },
    {
      "x": 1414.5,
      "y": 400.5
    },
    {
      "x": 1825.5,
      "y": 279.0
    },
    {
      "x": 1825.5,
      "y": 340.5
    },
    {
      "x": 1414.5,
      "y": 729.0
    },
    {
      "x": 1414.5,
      "y": 790.5
    },
    {
      "x": 1414.5,
      "y": 850.5
    },
    {
      "x": 1825.5,
      "y": 729.0
    },
    {
      "x": 1825.5,
      "y": 790.5
    }
  ],
  "score_shinuchi": [
    {
      "x": 831.0,
      "y": 354.0
    },
    {
      "x": 831.0,
      "y": 804.0
    }
  ],
  "score_num": [
    {
      "x": 1084.5,
      "y": 378.0
    },
    {
      "x": 1084.5,
      "y": 828.0
    }
  ],
  "high_score": [
    {
      "x": 832.5,
      "y": 337.5
    },
    {
      "x": 832.5,
      "y": 787.5
    }
  ],
  "high_score_num": [
    {
      "x": 1080.0,
      "y": 390.0
    },
    {
      "x": 1080.0,
      "y": 840.0
    }
  ],
  "mod_doron": [
    {
      "x": 660.0,
      "y": 480.0
    },
    {
      "x": 660.0,
      "y": 930.0
    }
  ],
  "mod_abekobe": [
    {
      "x": 609.0,
      "y": 480.0
    },
    {
      "x": 609.0,
      "y": 930.0
    }
  ],
  "mod_kimagure": [
    {
      "x": 558.0,
      "y": 480.0
    },
    {
      "x": 558.0,
      "y": 930.0
    }
  ],
  "mod_detarame": [
    {
      "x": 558.0,
      "y": 480.0
    },
    {
      "x": 558.0,
      "y": 930.0
    }
  ],
  "mod_baisaku": [
    {
      "x": 507.0,
      "y": 480.0
    },
    {
      "x": 507.0,
      "y": 930.0
    }
  ],
  "mod_sanbai": [
    {
      "x": 507.0,
      "y": 480.0
    },
    {
      "x": 507.0,
      "y": 930.0
    }
  ],
  "mod_yonbai": [
    {
      "x": 507.0,
      "y": 480.0
    },
    {
      "x": 507.0,
      "y": 930.0
    }
  ]
}