{
  "background": {
    "x": -8,
    "y": 433
  },
  "background_2": {
    "x": -1,
    "y": 247
  },
  "title": [
    {
      "x": 67,
      "y": 442
    },
    {
      "x": 67,
      "y": 268
    }
  ],
  "normal": [
    {
      "x": 23,
      "y": 491
    },
    {
      "x": 23,
      "y": 317
    }
  ],
  "normal_ura": [
    {
      "x": 23,
      "y": 491
    },
    {
      "x": 23,
      "y": 317
    }
  ],
  "shinuchi": [
    {
      "x": 23,
      "y": 542
    },
    {
      "x": 23,
      "y": 317
    }
  ],
  "shinuchi_ura": [
    {
      "x": 23,
      "y": 542
    },
    {
      "x": 23,
      "y": 317
    }
  ],
  "pts": [
    {
      "x": 205,
      "y": 495
    },
    {
      "x": 192,
      "y": 321
    }
  ],
  "counter": [
    {
      "x": 150,
      "y": 495
    },
    {
      "x": 150,
      "y": 321
    }
  ],
  "difficulty": [
    {
      "x": 58,
      "y": 495
    },
    {
      "x": 228,
      "y": 323
    }
  ],
  "ura": [
    {
      "x": 26,
      "y": 495
    },
    {
      "x": 26,
      "y": 321
    }
  ],
  "judge_good": {
    "x": 26,
    "y": 368
  },
  "judge_ok": {
    "x": 26,
    "y": 418
  },
  "judge_bad": {
    "x": 26,
    "y": 468
  },
  "judge_drumroll": {
    "x": -36,
    "y": 518
  },
  "judge_num": {
    "x": 248,
    "y": 318
  }
}
