{
  "difficulty_select": {
    "x": 5,
    "y": 5
  },
  "song_select": {
    "x": 5,
    "y": 5
  },
  "footer": {
    "x": 0,
    "y": 568
  },
  "background_diff": {
    "x": -50,
    "y": 154
  },
  "background_diff_highlight": {
    "x": -50,
    "y": 154
  },
  "bg_diff_text": {
    "x": 25,
    "y": 163
  },
  "bg_diff_text_bg": {
    "x": 0,
    "y": 154
  },
  "arrow": [
    {
      "x": 412,
      "y": 290
    },
    {
      "x": 776,
      "y": 290
    }
  ],
  "song_num_bg": {
    "x": 969,
    "y": 23
  },
  "song_num": {
    "x": 990,
    "y": 31
  }
}
