{
  "bg": {
    "x": 256,
    "y": 210
  },
  "confirmation_text": {
    "x": 420,
    "y": 250
  },
  "selection_box": [
    {
      "x": 319,
      "y": 322
    },
    {
      "x": 653,
      "y": 322
    }
  ],
  "selection_box_highlight": [
    {
      "x": 319,
      "y": 322
    },
    {
      "x": 653,
      "y": 322
    }
  ],
  "selection_box_outline": [
    {
      "x": 319,
      "y": 322
    },
    {
      "x": 653,
      "y": 322
    }
  ],
  "yes": {
    "x": 653,
    "y": 322
  },
  "no": {
    "x": 319,
    "y": 322
  }
}
