{
  "background": {
    "x": -12.0,
    "y": 649.5
  },
  "background_2": {
    "x": -1.5,
    "y": 370.5
  },
  "title": [
    {
      "x": 100.5,
      "y": 663.0
    },
    {
      "x": 100.5,
      "y": 402.0
    }
  ],
  "normal": [
    {
      "x": 34.5,
      "y": 736.5
    },
    {
      "x": 34.5,
      "y": 475.5
    }
  ],
  "normal_ura": [
    {
      "x": 34.5,
      "y": 736.5
    },
    {
      "x": 34.5,
      "y": 475.5
    }
  ],
  "shinuchi": [
    {
      "x": 34.5,
      "y": 813.0
    },
    {
      "x": 34.5,
      "y": 475.5
    }
  ],
  "shinuchi_ura": [
    {
      "x": 34.5,
      "y": 813.0
    },
    {
      "x": 34.5,
      "y": 475.5
    }
  ],
  "pts": [
    {
      "x": 307.5,
      "y": 742.5
    },
    {
      "x": 288.0,
      "y": 481.5
    }
  ],
  "counter": [
    {
      "x": 225.0,
      "y": 742.5
    },
    {
      "x": 225.0,
      "y": 481.5
    }
  ],
  "difficulty": [
    {
      "x": 87.0,
      "y": 742.5
    },
    {
      "x": 342.0,
      "y": 484.5
    }
  ],
  "ura": [
    {
      "x": 39.0,
      "y": 742.5
    },
    {
      "x": 39.0,
      "y": 481.5
    }
  ],
  "judge_good": {
    "x": 39.0,
    "y": 552.0
  },
  "judge_ok": {
    "x": 39.0,
    "y": 627.0
  },
  "judge_bad": {
    "x": 39.0,
    "y": 702.0
  },
  "judge_drumroll": {
    "x": -54.0,
    "y": 777.0
  },
  "judge_num": {
    "x": 372.0,
    "y": 477.0
  }
}