{
  "song_num": {
    "x": 495.0,
    "y": 145.5
  },
  "difficulty": {
    "x": 1675.5,
    "y": 279.0
  },
  "diff_num": {
    "x": 1824.0,
    "y": 303.0
  },
  "diff_star": {
    "x": 1756.5,
    "y": 303.0
  },
  "diff_x": {
    "x": 1783.5,
    "y": 303.0
  },
  "good": [
    {
      "x": 556.5,
      "y": 291.0
    },
    {
      "x": 1120.5,
      "y": 267.0
    }
  ],
  "ok": [
    {
      "x": 775.5,
      "y": 291.0
    },
    {
      "x": 1120.5,
      "y": 327.0
    }
  ],
  "bad": [
    {
      "x": 1002.0,
      "y": 291.0
    },
    {
      "x": 1120.5,
      "y": 387.0
    }
  ],
  "drumroll": [
    {
      "x": 1167.0,
      "y": 291.0
    },
    {
      "x": 1417.5,
      "y": 327.0
    }
  ],
  "max_combo": {
    "x": 1417.5,
    "y": 267.0
  },
  "max_hits": {
    "x": 1417.5,
    "y": 387.0
  },
  "exam_header": {
    "x": 586.5,
    "y": 475.5
  },
  "score_box": {
    "x": 676.5,
    "y": 339.0
  },
  "score_counter": {
    "x": 934.5,
    "y": 363.0
  },
  "counter": [
    {
      "x": 709.5,
      "y": 291.0
    },
    {
      "x": 930.0,
      "y": 291.0
    },
    {
      "x": 1195.5,
      "y": 291.0
    },
    {
      "x": 1521.0,
      "y": 291.0
    },
    {
      "x": 1320.0,
      "y": 267.0
    },
    {
      "x": 1320.0,
      "y": 327.0
    },
    {
      "x": 1320.0,
      "y": 387.0
    },
    {
      "x": 1767.0,
      "y": 267.0
    },
    {
      "x": 1767.0,
      "y": 327.0
    },
    {
      "x": 1767.0,
      "y": 387.0
    }
  ],
  "dan_emblem": {
    "x": 162.0,
    "y": 142.5
  }
}