{
  "border_hard": [
    {
      "x": 490.5,
      "y": 198.0
    },
    {
      "x": 490.5,
      "y": 648.0
    }
  ],
  "border_normal": [
    {
      "x": 490.5,
      "y": 198.0
    },
    {
      "x": 490.5,
      "y": 648.0
    }
  ],
  "border_easy": [
    {
      "x": 490.5,
      "y": 198.0
    },
    {
      "x": 490.5,
      "y": 648.0
    }
  ],
  "1p_unfilled_hard": [
    {
      "x": 831.0,
      "y": 163.5
    },
    {
      "x": 831.0,
      "y": 613.5
    }
  ],
  "1p_unfilled_normal": [
    {
      "x": 831.0,
      "y": 163.5
    },
    {
      "x": 831.0,
      "y": 613.5
    }
  ],
  "1p_unfilled_easy": [
    {
      "x": 831.0,
      "y": 163.5
    },
    {
      "x": 831.0,
      "y": 613.5
    }
  ],
  "2p_unfilled_hard": [
    {
      "x": 831.0,
      "y": 163.5
    },
    {
      "x": 831.0,
      "y": 613.5
    }
  ],
  "2p_unfilled_normal": [
    {
      "x": 831.0,
      "y": 163.5
    },
    {
      "x": 831.0,
      "y": 613.5
    }
  ],
  "2p_unfilled_easy": [
    {
      "x": 831.0,
      "y": 163.5
    },
    {
      "x": 831.0,
      "y": 613.5
    }
  ],
  "overlay_hard": [
    {
      "x": 831.0,
      "y": 163.5
    },
    {
      "x": 831.0,
      "y": 613.5
    }
  ],
  "overlay_normal": [
    {
      "x": 831.0,
      "y": 163.5
    },
    {
      "x": 831.0,
      "y": 613.5
    }
  ],
  "overlay_easy": [
    {
      "x": 831.0,
      "y": 163.5
    },
    {
      "x": 831.0,
      "y": 613.5
    }
  ],
  "rainbow_hard": [
    {
      "x": 831.0,
      "y": 163.5
    },
    {
      "x": 831.0,
      "y": 613.5
    }
  ],
  "rainbow_normal": [
    {
      "x": 831.0,
      "y": 163.5
    },
    {
      "x": 831.0,
      "y": 613.5
    }
  ],
  "rainbow_easy": [
    {
      "x": 831.0,
      "y": 163.5
    },
    {
      "x": 831.0,
      "y": 613.5
    }
  ],
  "clear": [
    {
      "x": 1401.0,
      "y": 186.0
    },
    {
      "x": 1512.0,
      "y": 186.0
    },
    {
      "x": 1587.0,
      "y": 186.0
    },
    {
      "x": 1401.0,
      "y": 636.0
    },
    {
      "x": 1512.0,
      "y": 636.0
    },
    {
      "x": 1587.0,
      "y": 636.0
    }
  ],
  "clear_dark": [
    {
      "x": 1401.0,
      "y": 186.0
    },
    {
      "x": 1512.0,
      "y": 186.0
    },
    {
      "x": 1587.0,
      "y": 186.0
    },
    {
      "x": 1401.0,
      "y": 636.0
    },
    {
      "x": 1512.0,
      "y": 636.0
    },
    {
      "x": 1587.0,
      "y": 636.0
    }
  ],
  "bar_clear_transition": [
    {
      "x": 843.0,
      "y": 180.0
    },
    {
      "x": 843.0,
      "y": 630.0
    }
  ],
  "bar_clear_top": [
    {
      "x": 841.5,
      "y": 183.0
    },
    {
      "x": 841.5,
      "y": 633.0
    }
  ],
  "bar_clear_bottom": [
    {
      "x": 841.5,
      "y": 213.0
    },
    {
      "x": 841.5,
      "y": 663.0
    }
  ],
  "1p_bar": [
    {
      "x": 841.5,
      "y": 213.0
    },
    {
      "x": 841.5,
      "y": 663.0
    }
  ],
  "2p_bar": [
    {
      "x": 841.5,
      "y": 213.0
    },
    {
      "x": 841.5,
      "y": 663.0
    }
  ],
  "bar_clear_transition_fade": [
    {
      "x": 717.0,
      "y": 192.0
    },
    {
      "x": 717.0,
      "y": 642.0
    }
  ],
  "bar_clear_fade": [
    {
      "x": 717.0,
      "y": 195.0
    },
    {
      "x": 717.0,
      "y": 645.0
    }
  ],
  "1p_bar_fade": [
    {
      "x": 717.0,
      "y": 228.0
    },
    {
      "x": 717.0,
      "y": 678.0
    }
  ],
  "2p_bar_fade": [
    {
      "x": 717.0,
      "y": 228.0
    },
    {
      "x": 717.0,
      "y": 678.0
    }
  ],
  "tamashii": [
    {
      "x": 1773.0,
      "y": 172.5
    },
    {
      "x": 1773.0,
      "y": 622.5
    }
  ],
  "tamashii_dark": [
    {
      "x": 1773.0,
      "y": 172.5
    },
    {
      "x": 1773.0,
      "y": 622.5
    }
  ],
  "tamashii_overlay": [
    {
      "x": 1773.0,
      "y": 172.5
    },
    {
      "x": 1773.0,
      "y": 622.5
    }
  ],
  "tamashii_fire": [
    {
      "x": 1681.5,
      "y": -46.5
    },
    {
      "x": 1681.5,
      "y": 403.5
    }
  ],
  "hit_effect_circle": [
    {
      "x": 1737.0,
      "y": 151.5
    },
    {
      "x": 1737.0,
      "y": 601.5
    }
  ],
  "hit_effect_circle_big": [
    {
      "x": 1737.0,
      "y": 151.5
    },
    {
      "x": 1737.0,
      "y": 601.5
    }
  ],
  "hit_effect": [
    {
      "x": 1834.5,
      "y": 246.0
    },
    {
      "x": 1834.5,
      "y": 696.0
    }
  ],
  "footer": [
    {
      "x": 1777.5,
      "y": 174.0
    },
    {
      "x": 1777.5,
      "y": 624.0
    }
  ]
}