{
  "0_start": {
    "y": 540.0
  },
  "0_loop": {
    "y": 540.0
  },
  "0_end": {
    "y": 540.0
  },
  "1_start": {
    "y": 540.0
  },
  "1_loop": {
    "y": 540.0
  },
  "1_end": {
    "y": 540.0
  },
  "2_start": {
    "y": 540.0
  },
  "2_loop": {
    "y": 540.0
  },
  "2_end": {
    "y": 540.0
  },
  "3_start": {
    "y": 540.0
  },
  "3_loop": {
    "y": 540.0
  },
  "3_end": {
    "y": 540.0
  },
  "4_start": {
    "y": 540.0
  },
  "4_loop": {
    "y": 540.0
  },
  "4_end": {
    "y": 540.0
  }
}