{
  "0_start": {
    "y": 622.5
  },
  "0_loop": {
    "y": 622.5
  },
  "0_end": {
    "y": 622.5
  },
  "0_poof": {
    "y": 525.0
  },
  "1_start": {
    "y": 622.5
  },
  "1_loop": {
    "y": 622.5
  },
  "1_end": {
    "y": 622.5
  },
  "1_poof": {
    "y": 525.0
  },
  "2_start": {
    "y": 622.5
  },
  "2_loop": {
    "y": 622.5
  },
  "2_end": {
    "y": 622.5
  },
  "2_poof": {
    "y": 525.0
  },
  "3_start": {
    "y": 622.5
  },
  "3_loop": {
    "y": 622.5
  },
  "3_end": {
    "y": 622.5
  },
  "3_poof": {
    "y": 525.0
  }
}