{
  "crown_fade": [
    {
      "x": 335,
      "y": 150
    },
    {
      "x": 335,
      "y": 450
    }
  ],
  "gleam": [
    {
      "x": 335,
      "y": 150
    },
    {
      "x": 335,
      "y": 450
    }
  ],
  "crown_clear": [
    {
      "x": 335,
      "y": 150
    },
    {
      "x": 335,
      "y": 450
    }
  ],
  "crown_fc": [
    {
      "x": 335,
      "y": 150
    },
    {
      "x": 335,
      "y": 450
    }
  ],
  "crown_dfc": [
    {
      "x": 335,
      "y": 150
    },
    {
      "x": 335,
      "y": 450
    }
  ]
}
