{
  "background": {},
  "blue_arrow": [
    {
      "x": 76.5,
      "y": 18.0
    },
    {
      "x": 148.5,
      "y": 18.0
    }
  ],
  "drum_don": [
    {
      "x": 148.5,
      "y": -6.0
    },
    {
      "x": 148.5,
      "y": -6.0
    },
    {
      "x": 90.0,
      "y": -6.0
    }
  ],
  "drum_kat": [
    {
      "x": 97.5,
      "y": -6.0
    }
  ],
  "drum_face": [
    {
      "x": 148.5,
      "y": -6.0
    },
    {
      "x": 148.5,
      "y": -6.0
    },
    {
      "x": 90.0,
      "y": -6.0
    }
  ],
  "text": {}
}