{
  "border_hard": [
    {
      "x": 327,
      "y": 132
    },
    {
      "x": 327,
      "y": 432
    }
  ],
  "border_normal": [
    {
      "x": 327,
      "y": 132
    },
    {
      "x": 327,
      "y": 432
    }
  ],
  "border_easy": [
    {
      "x": 327,
      "y": 132
    },
    {
      "x": 327,
      "y": 432
    }
  ],
  "1p_unfilled_hard": [
    {
      "x": 554,
      "y": 109
    },
    {
      "x": 554,
      "y": 409
    }
  ],
  "1p_unfilled_normal": [
    {
      "x": 554,
      "y": 109
    },
    {
      "x": 554,
      "y": 409
    }
  ],
  "1p_unfilled_easy": [
    {
      "x": 554,
      "y": 109
    },
    {
      "x": 554,
      "y": 409
    }
  ],
  "2p_unfilled_hard": [
    {
      "x": 554,
      "y": 109
    },
    {
      "x": 554,
      "y": 409
    }
  ],
  "2p_unfilled_normal": [
    {
      "x": 554,
      "y": 109
    },
    {
      "x": 554,
      "y": 409
    }
  ],
  "2p_unfilled_easy": [
    {
      "x": 554,
      "y": 109
    },
    {
      "x": 554,
      "y": 409
    }
  ],
  "overlay_hard": [
    {
      "x": 554,
      "y": 109
    },
    {
      "x": 554,
      "y": 409
    }
  ],
  "overlay_normal": [
    {
      "x": 554,
      "y": 109
    },
    {
      "x": 554,
      "y": 409
    }
  ],
  "overlay_easy": [
    {
      "x": 554,
      "y": 109
    },
    {
      "x": 554,
      "y": 409
    }
  ],
  "rainbow_hard": [
    {
      "x": 554,
      "y": 109
    },
    {
      "x": 554,
      "y": 409
    }
  ],
  "rainbow_normal": [
    {
      "x": 554,
      "y": 109
    },
    {
      "x": 554,
      "y": 409
    }
  ],
  "rainbow_easy": [
    {
      "x": 554,
      "y": 109
    },
    {
      "x": 554,
      "y": 409
    }
  ],
  "clear": [
    {
      "x": 934,
      "y": 124
    },
    {
      "x": 1008,
      "y": 124
    },
    {
      "x": 1058,
      "y": 124
    },
    {
      "x": 934,
      "y": 424
    },
    {
      "x": 1008,
      "y": 424
    },
    {
      "x": 1058,
      "y": 424
    }
  ],
  "clear_dark": [
    {
      "x": 934,
      "y": 124
    },
    {
      "x": 1008,
      "y": 124
    },
    {
      "x": 1058,
      "y": 124
    },
    {
      "x": 934,
      "y": 424
    },
    {
      "x": 1008,
      "y": 424
    },
    {
      "x": 1058,
      "y": 424
    }
  ],
  "bar_clear_transition": [
    {
      "x": 562,
      "y": 120
    },
    {
      "x": 562,
      "y": 420
    }
  ],
  "bar_clear_top": [
    {
      "x": 561,
      "y": 122
    },
    {
      "x": 561,
      "y": 422
    }
  ],
  "bar_clear_bottom": [
    {
      "x": 561,
      "y": 142
    },
    {
      "x": 561,
      "y": 442
    }
  ],
  "1p_bar": [
    {
      "x": 561,
      "y": 142
    },
    {
      "x": 561,
      "y": 442
    }
  ],
  "2p_bar": [
    {
      "x": 561,
      "y": 142
    },
    {
      "x": 561,
      "y": 442
    }
  ],
  "bar_clear_transition_fade": [
    {
      "x": 478,
      "y": 128
    },
    {
      "x": 478,
      "y": 428
    }
  ],
  "bar_clear_fade": [
    {
      "x": 478,
      "y": 130
    },
    {
      "x": 478,
      "y": 430
    }
  ],
  "1p_bar_fade": [
    {
      "x": 478,
      "y": 152
    },
    {
      "x": 478,
      "y": 452
    }
  ],
  "2p_bar_fade": [
    {
      "x": 478,
      "y": 152
    },
    {
      "x": 478,
      "y": 452
    }
  ],
  "tamashii": [
    {
      "x": 1182,
      "y": 115
    },
    {
      "x": 1182,
      "y": 415
    }
  ],
  "tamashii_dark": [
    {
      "x": 1182,
      "y": 115
    },
    {
      "x": 1182,
      "y": 415
    }
  ],
  "tamashii_overlay": [
    {
      "x": 1182,
      "y": 115
    },
    {
      "x": 1182,
      "y": 415
    }
  ],
  "tamashii_fire": [
    {
      "x": 1121,
      "y": -31
    },
    {
      "x": 1121,
      "y": 269
    }
  ],
  "hit_effect_circle": [
    {
      "x": 1158,
      "y": 101
    },
    {
      "x": 1158,
      "y": 401
    }
  ],
  "hit_effect_circle_big": [
    {
      "x": 1158,
      "y": 101
    },
    {
      "x": 1158,
      "y": 401
    }
  ],
  "hit_effect": [
    {
      "x": 1223,
      "y": 164
    },
    {
      "x": 1223,
      "y": 464
    }
  ],
  "footer": [
    {
      "x": 1185,
      "y": 116
    },
    {
      "x": 1185,
      "y": 416
    }
  ]
}
