{
  "difficulty_select": {
    "x": 7.5,
    "y": 7.5
  },
  "song_select": {
    "x": 7.5,
    "y": 7.5
  },
  "footer": {
    "x": 0.0,
    "y": 852.0
  },
  "background_diff": {
    "x": -75.0,
    "y": 231.0
  },
  "background_diff_highlight": {
    "x": -75.0,
    "y": 231.0
  },
  "bg_diff_text": {
    "x": 37.5,
    "y": 244.5
  },
  "bg_diff_text_bg": {
    "x": 0.0,
    "y": 231.0
  },
  "arrow": [
    {
      "x": 618.0,
      "y": 435.0
    },
    {
      "x": 1164.0,
      "y": 435.0
    }
  ],
  "song_num_bg": {
    "x": 1453.5,
    "y": 34.5
  },
  "song_num": {
    "x": 1485.0,
    "y": 46.5
  }
}