{
  "background": {
    "x": 0.0,
    "y": 540.0
  },
  "overlay": {
    "x": 420.0,
    "y": 798.0
  },
  "lamp_overlay": [
    {
      "x": 1461.0,
      "y": 900.0
    },
    {
      "x": 75.0,
      "y": 900.0
    }
  ],
  "lamp": [
    {
      "x": 1461.0,
      "y": 900.0
    },
    {
      "x": 75.0,
      "y": 900.0
    }
  ],
  "light_overlay": [
    {
      "x": -67.5,
      "y": 495.0
    },
    {
      "x": 139.5,
      "y": 555.0
    },
    {
      "x": 346.5,
      "y": 585.0
    },
    {
      "x": 555.0,
      "y": 555.0
    },
    {
      "x": 762.0,
      "y": 495.0
    },
    {
      "x": 970.5,
      "y": 495.0
    },
    {
      "x": 1177.5,
      "y": 555.0
    },
    {
      "x": 1386.0,
      "y": 585.0
    },
    {
      "x": 1593.0,
      "y": 555.0
    },
    {
      "x": 1801.5,
      "y": 495.0
    }
  ],
  "paper_lamp": [
    {
      "x": -52.5,
      "y": 510.0
    },
    {
      "x": 154.5,
      "y": 570.0
    },
    {
      "x": 361.5,
      "y": 600.0
    },
    {
      "x": 570.0,
      "y": 570.0
    },
    {
      "x": 777.0,
      "y": 510.0
    },
    {
      "x": 985.5,
      "y": 510.0
    },
    {
      "x": 1177.5,
      "y": 570.0
    },
    {
      "x": 1401.0,
      "y": 600.0
    },
    {
      "x": 1608.0,
      "y": 570.0
    },
    {
      "x": 1816.5,
      "y": 510.0
    }
  ]
}