{
  "normal": [
    {
      "x": 1071,
      "y": 227
    },
    {
      "x": 1071,
      "y": 403
    }
  ],
  "expert": [
    {
      "x": 1071,
      "y": 227
    },
    {
      "x": 1071,
      "y": 403
    }
  ],
  "master": [
    {
      "x": 1071,
      "y": 227
    },
    {
      "x": 1071,
      "y": 403
    }
  ],
  "expert_bg": [
    {
      "x": 332,
      "y": 185,
      "x2": 948
    },
    {
      "x": 332,
      "y": 361,
      "x2": 948
    }
  ],
  "master_bg": [
    {
      "x": 332,
      "y": 185,
      "x2": 948
    },
    {
      "x": 332,
      "y": 361,
      "x2": 948
    }
  ],
  "level_up": [
    {
      "x": 163,
      "y": 128
    },
    {
      "x": 163,
      "y": 535
    }
  ],
  "level_down": [
    {
      "x": 163,
      "y": 128
    },
    {
      "x": 163,
      "y": 535
    }
  ]
}
