{
  "1p_unfilled": {
    "x": 482,
    "y": 95
  },
  "1p_bar": {
    "x": 490,
    "y": 123
  },
  "rainbow": {
    "x": 482,
    "y": 119
  },
  "2p_unfilled": {
    "x": 482,
    "y": 95
  },
  "2p_bar": {
    "x": 490,
    "y": 123
  },
  "overlay": {
    "x": 482,
    "y": 95
  },
  "footer": {
    "x": 1131,
    "y": 95
  },
  "tamashii_fire": {
    "x": 1081,
    "y": -54
  },
  "tamashii": {
    "x": 1133,
    "y": 92
  },
  "tamashii_dark": {
    "x": 1133,
    "y": 92
  },
  "tamashii_overlay": {
    "x": 1133,
    "y": 92
  }
}
