{
    "background": {
        "x": 1600,
        "y": 360,
        "x2": 1600,
        "y2": 380
    },
    "bird": [
        {
            "x": 1400,
            "y": 360
        },
        {
            "x": 1400,
            "y": 460
        }
    ],
    "overlay": {
        "x": 0,
        "y": 360
    },
    "circle": {
        "x": 832,
        "y": 379
    },
    "footer_1": {
        "x": -50,
        "y": 720
    },
    "fish": [
        {
            "x": 160,
            "y": 480
        },
        {
            "x": -150,
            "y": 520
        }
    ],
    "wave": {
        "x": 160,
        "y": 480
    },
    "footer_2": {
        "x": -650,
        "y": 440
    }
}
