{
  "background": {
    "x": 0.0,
    "y": 540.0,
    "x2": 1920.0
  },
  "center": {
    "x": 588.0,
    "y": 540.0
  },
  "lamps": [
    {
      "x": 1035.0,
      "y": 735.0
    },
    {
      "x": 705.0,
      "y": 735.0
    }
  ],
  "overlay": {
    "x": 0.0,
    "y": 540.0
  },
  "side_l": {
    "x": 150.0,
    "y": 540.0
  },
  "side_r": {
    "x": 1266.0,
    "y": 540.0
  },
  "side_l_2": {
    "x": 480.0,
    "y": 780.0
  },
  "light_green": {
    "x": 810.0,
    "y": 525.0
  },
  "light_orange": [
    {
      "x": 1230.0,
      "y": 450.0
    },
    {
      "x": 390.0,
      "y": 450.0
    },
    {
      "x": 975.0,
      "y": 525.0
    }
  ],
  "light_red": {
    "x": 630.0,
    "y": 525.0
  },
  "light_yellow": [
    {
      "x": 630.0,
      "y": 750.0
    },
    {
      "x": 975.0,
      "y": 750.0
    }
  ]
}