{
  "free_play": {
    "x": 840.0,
    "y": 1012.5
  },
  "camera": {
    "x": 1287.0,
    "y": 30.0
  },
  "banapass_card": {
    "x": 1410.0,
    "y": 37.5
  },
  "banapass_osaifu_keitai": {
    "x": 1543.5,
    "y": 37.5
  },
  "banapass_or": {
    "x": 1465.5,
    "y": 27.0
  },
  "banapass_no": {
    "x": 1395.0,
    "y": 30.0
  },
  "allnet_indicator": {
    "x": 1842.0,
    "y": 1003.5
  },
  "hit_taiko_to_start": [
    {
      "x": 300.0,
      "y": 1012.5
    },
    {
      "x": 1200.0,
      "y": 1012.5
    }
  ]
}