{
  "border_hard": [
    {
      "x": 490.5,
      "y": 198.0
    },
    {
      "x": 490.5,
      "y": 804.0
    }
  ],
  "border_normal": [
    {
      "x": 490.5,
      "y": 198.0
    },
    {
      "x": 490.5,
      "y": 804.0
    }
  ],
  "border_easy": [
    {
      "x": 490.5,
      "y": 198.0
    },
    {
      "x": 490.5,
      "y": 804.0
    }
  ],
  "1p_unfilled_hard": [
    {
      "x": 724.5,
      "y": 186.0
    },
    {
      "x": 724.5,
      "y": 804.0
    }
  ],
  "1p_unfilled_normal": [
    {
      "x": 724.5,
      "y": 186.0
    },
    {
      "x": 724.5,
      "y": 804.0
    }
  ],
  "1p_unfilled_easy": [
    {
      "x": 724.5,
      "y": 186.0
    },
    {
      "x": 724.5,
      "y": 804.0
    }
  ],
  "2p_unfilled_hard": [
    {
      "x": 724.5,
      "y": 186.0
    },
    {
      "x": 724.5,
      "y": 804.0
    }
  ],
  "2p_unfilled_normal": [
    {
      "x": 724.5,
      "y": 804.0
    },
    {
      "x": 724.5,
      "y": 804.0
    }
  ],
  "2p_unfilled_easy": [
    {
      "x": 724.5,
      "y": 186.0
    },
    {
      "x": 724.5,
      "y": 804.0
    }
  ],
  "overlay_hard": [
    {
      "x": 724.5,
      "y": 186.0
    },
    {
      "x": 724.5,
      "y": 804.0
    }
  ],
  "overlay_normal": [
    {
      "x": 724.5,
      "y": 186.0
    },
    {
      "x": 724.5,
      "y": 804.0
    }
  ],
  "overlay_easy": [
    {
      "x": 724.5,
      "y": 186.0
    },
    {
      "x": 724.5,
      "y": 804.0
    }
  ],
  "rainbow_hard": [
    {
      "x": 724.5,
      "y": 186.0
    },
    {
      "x": 724.5,
      "y": 804.0
    }
  ],
  "rainbow_normal": [
    {
      "x": 724.5,
      "y": 186.0
    },
    {
      "x": 724.5,
      "y": 804.0
    }
  ],
  "rainbow_easy": [
    {
      "x": 724.5,
      "y": 186.0
    },
    {
      "x": 724.5,
      "y": 804.0
    }
  ],
  "clear": [
    {
      "x": 1347.0,
      "y": 211.5
    },
    {
      "x": 1452.0,
      "y": 211.5
    },
    {
      "x": 1557.0,
      "y": 211.5
    },
    {
      "x": 1347.0,
      "y": 840.0
    },
    {
      "x": 1452.0,
      "y": 840.0
    },
    {
      "x": 1557.0,
      "y": 840.0
    }
  ],
  "clear_dark": [
    {
      "x": 1347.0,
      "y": 211.5
    },
    {
      "x": 1452.0,
      "y": 211.5
    },
    {
      "x": 1557.0,
      "y": 211.5
    },
    {
      "x": 1347.0,
      "y": 840.0
    },
    {
      "x": 1452.0,
      "y": 840.0
    },
    {
      "x": 1557.0,
      "y": 840.0
    }
  ],
  "bar_clear_transition": [
    {
      "x": 736.5,
      "y": 204.0
    },
    {
      "x": 736.5,
      "y": 810.0
    }
  ],
  "bar_clear_top": [
    {
      "x": 739.5,
      "y": 207.0
    },
    {
      "x": 739.5,
      "y": 843.0
    }
  ],
  "bar_clear_bottom": [
    {
      "x": 739.5,
      "y": 240.0
    },
    {
      "x": 739.5,
      "y": 807.0
    }
  ],
  "1p_bar": [
    {
      "x": 736.5,
      "y": 240.0
    },
    {
      "x": 736.5,
      "y": 807.0
    }
  ],
  "2p_bar": [
    {
      "x": 736.5,
      "y": 240.0
    },
    {
      "x": 736.5,
      "y": 807.0
    }
  ],
  "bar_clear_transition_fade": [
    {
      "x": 717.0,
      "y": 192.0
    },
    {
      "x": 717.0,
      "y": 810.0
    }
  ],
  "bar_clear_fade": [
    {
      "x": 717.0,
      "y": 195.0
    },
    {
      "x": 717.0,
      "y": 813.0
    }
  ],
  "1p_bar_fade": [
    {
      "x": 717.0,
      "y": 228.0
    },
    {
      "x": 717.0,
      "y": 795.0
    }
  ],
  "2p_bar_fade": [
    {
      "x": 717.0,
      "y": 228.0
    },
    {
      "x": 717.0,
      "y": 795.0
    }
  ],
  "tamashii": [
    {
      "x": 1780.5,
      "y": 195.0
    },
    {
      "x": 1780.5,
      "y": 798.0
    }
  ],
  "tamashii_dark": [
    {
      "x": 1780.5,
      "y": 195.0
    },
    {
      "x": 1780.5,
      "y": 798.0
    }
  ],
  "tamashii_overlay": [
    {
      "x": 1780.5,
      "y": 195.0
    },
    {
      "x": 1780.5,
      "y": 798.0
    }
  ],
  "tamashii_fire": [
    {
      "x": 1699.5,
      "y": -25.5
    },
    {
      "x": 1699.5,
      "y": 592.5
    }
  ],
  "hit_effect_circle": [
    {
      "x": 1737.0,
      "y": 151.5
    },
    {
      "x": 1737.0,
      "y": 769.5
    }
  ],
  "hit_effect_circle_big": [
    {
      "x": 1737.0,
      "y": 151.5
    },
    {
      "x": 1737.0,
      "y": 769.5
    }
  ],
  "hit_effect": [
    {
      "x": 1834.5,
      "y": 246.0
    },
    {
      "x": 1834.5,
      "y": 864.0
    }
  ]
}