{
  "bachio_l_in": [
    {
      "x": 1051.5,
      "y": 280.5
    },
    {
      "x": 1051.5,
      "y": 544.5
    }
  ],
  "bachio_r_in": [
    {
      "x": 1138.5,
      "y": 280.5
    },
    {
      "x": 1138.5,
      "y": 544.5
    }
  ],
  "bachio_l_fall": [
    {
      "x": 1051.5,
      "y": 280.5
    },
    {
      "x": 1051.5,
      "y": 544.5
    }
  ],
  "bachio_r_fall": [
    {
      "x": 1138.5,
      "y": 280.5
    },
    {
      "x": 1138.5,
      "y": 544.5
    }
  ],
  "bachio_l_out": [
    {
      "x": 1051.5,
      "y": 280.5
    },
    {
      "x": 1051.5,
      "y": 544.5
    }
  ],
  "bachio_r_out": [
    {
      "x": 1138.5,
      "y": 280.5
    },
    {
      "x": 1138.5,
      "y": 544.5
    }
  ],
  "bachio_boom": [
    {
      "x": 868.5,
      "y": 385.5
    },
    {
      "x": 1363.5,
      "y": 385.5
    }
  ],
  "fail": [
    {
      "x": 943.5,
      "y": 325.5
    },
    {
      "x": 943.5,
      "y": 589.5
    }
  ],
  "clear_separated": [
    {
      "x": 958.5,
      "y": 325.5
    },
    {
      "x": 958.5,
      "y": 589.5
    }
  ],
  "clear": [
    {
      "x": 958.5,
      "y": 325.5
    },
    {
      "x": 958.5,
      "y": 589.5
    }
  ],
  "clear_highlight": [
    {
      "x": 958.5,
      "y": 325.5
    },
    {
      "x": 958.5,
      "y": 589.5
    }
  ],
  "clear_separated_highlight": [
    {
      "x": 958.5,
      "y": 325.5
    },
    {
      "x": 958.5,
      "y": 589.5
    }
  ],
  "full_combo": [
    {
      "x": 883.5,
      "y": 295.5
    },
    {
      "x": 883.5,
      "y": 559.5
    }
  ],
  "full_combo_highlight": [
    {
      "x": 883.5,
      "y": 295.5
    },
    {
      "x": 883.5,
      "y": 559.5
    }
  ],
  "full_combo_overlay": [
    {
      "x": 883.5,
      "y": 295.5
    },
    {
      "x": 883.5,
      "y": 559.5
    }
  ],
  "fan_l": [
    {
      "x": 600.0,
      "y": 295.5
    },
    {
      "x": 600.0,
      "y": 559.5
    }
  ],
  "fan_r": [
    {
      "x": 1530.0,
      "y": 295.5
    },
    {
      "x": 1530.0,
      "y": 559.5
    }
  ]
}