{
  "1p_outline": {
    "x": 691.5,
    "y": 198.0
  },
  "1p_outline_half": {
    "x": 691.5,
    "y": 198.0
  },
  "2p_outline": {
    "x": 691.5,
    "y": 198.0
  },
  "2p_outline_half": {
    "x": 691.5,
    "y": 198.0
  },
  "1p_outline_back": {
    "x": 364.5,
    "y": 165.0
  },
  "1p_outline_back_half": {
    "x": 364.5,
    "y": 165.0
  },
  "2p_outline_back": {
    "x": 364.5,
    "y": 165.0
  },
  "2p_outline_back_half": {
    "x": 364.5,
    "y": 165.0
  },
  "back": {
    "x": 364.5,
    "y": 165.0
  },
  "option": {
    "x": 469.5,
    "y": 165.0
  },
  "disable": {
    "x": 469.5,
    "y": 165.0
  },
  "neiro": {
    "x": 574.5,
    "y": 165.0
  },
  "1p_balloon": {
    "x": 675.0,
    "y": 10.5
  },
  "1p_balloon_half": {
    "x": 606.0,
    "y": -15.0
  },
  "2p_balloon": {
    "x": 675.0,
    "y": 10.5
  },
  "2p_balloon_half": {
    "x": 600.0,
    "y": -15.0
  },
  "diff_tower": {
    "x": 675.0,
    "y": 135.0
  },
  "diff_tower_shadow": {
    "x": 675.0,
    "y": 135.0
  },
  "ura_oni_plate": {
    "x": 1210.5,
    "y": 195.0
  },
  "ura_switch": {
    "x": 1222.5,
    "y": 201.0
  }
}