{
  "crown_fc": {
    "x": 30.0,
    "y": -45.0
  },
  "crown_dfc": {
    "x": 30.0,
    "y": -45.0
  },
  "crown_clear": {
    "x": 30.0,
    "y": -45.0
  },
  "song_count_back": {
    "x": 705.0,
    "y": 187.5
  },
  "song_count_num": {
    "x": 712.5,
    "y": 187.5
  },
  "song_count_songs": {
    "x": 900.0,
    "y": 187.5
  },
  "s_crown_dfc": {
    "x": 709.5,
    "y": 262.5
  },
  "s_crown_fc": {
    "x": 709.5,
    "y": 262.5
  },
  "s_crown_clear": {
    "x": 709.5,
    "y": 262.5
  },
  "s_crown_outline": {
    "x": 709.5,
    "y": 262.5
  },
  "ex_data_new_audio": {
    "x": 687.0,
    "y": 180.0
  },
  "ex_data_old_audio": {
    "x": 687.0,
    "y": 180.0
  },
  "ex_data_limited_time": {
    "x": 687.0,
    "y": 180.0
  },
  "ex_data_new_song": {
    "x": 687.0,
    "y": 180.0
  },
  "favorite_1p": {
    "x": 687.0,
    "y": 180.0
  },
  "favorite_2p": {
    "x": 687.0,
    "y": 180.0
  },
  "ex_data_new_song_balloon": {
    "x": -7.5,
    "y": -127.5
  },
  "difficulty_bar": {
    "x": 687.0,
    "y": 315.0
  },
  "difficulty_bar_shadow": {
    "x": 687.0,
    "y": 315.0
  },
  "star": {
    "x": 711.0,
    "y": 735.0
  },
  "branch_indicator": {
    "x": 711.0,
    "y": 504.0
  },
  "branch_indicator_diff": {
    "x": 705.0,
    "y": 439.5
  },
  "branch_indicator_ura": {
    "x": 705.0,
    "y": 439.5
  },
  "star_ura": {
    "x": 723.0,
    "y": 706.5
  },
  "yellow_box_bottom_right": {
    "y": 814.5
  },
  "yellow_box_bottom_left": {},
  "yellow_box_top_right": {},
  "yellow_box_top_left": {},
  "yellow_box_left": {},
  "yellow_box_right": {},
  "yellow_box_bottom": {},
  "yellow_box_top": {},
  "yellow_box_center": {}
}