{
  "genre_banner": {
    "x": 907.5,
    "y": 157.5
  },
  "difficulty": {
    "x": 913.5,
    "y": 85.5
  },
  "difficulty_num": {
    "x": 1062.0,
    "y": 112.5
  },
  "difficulty_x": {
    "x": 1020.0,
    "y": 112.5
  },
  "difficulty_star": {
    "x": 988.5,
    "y": 112.5
  },
  "total_notes_bg": {
    "x": 426.0,
    "y": 273.0
  },
  "total_notes": {
    "x": 457.5,
    "y": 282.0
  },
  "total_notes_counter": {
    "x": 655.5,
    "y": 282.0
  },
  "frame": {
    "x": 408.0,
    "y": 87.0
  },
  "yellow_box_bottom_right": {
    "y": 814.5
  },
  "yellow_box_bottom_left": {},
  "yellow_box_top_right": {},
  "yellow_box_top_left": {},
  "yellow_box_left": {},
  "yellow_box_right": {},
  "yellow_box_bottom": {},
  "yellow_box_top": {},
  "yellow_box_center": {},
  "exam_box_bottom_left": {
    "x": 420.0,
    "y": 771.0
  },
  "exam_box_bottom_right": {
    "x": 828.0,
    "y": 771.0
  },
  "exam_box_top_right": {
    "x": 828.0,
    "y": 381.0
  },
  "exam_box_top_left": {
    "x": 420.0,
    "y": 381.0
  },
  "exam_box_left": {
    "x": 420.0,
    "y": 429.0,
    "y2": 363.0
  },
  "exam_box_right": {
    "x": 828.0,
    "y": 429.0,
    "y2": 363.0
  },
  "exam_box_bottom": {
    "x": 468.0,
    "y": 771.0,
    "x2": 360.0
  },
  "exam_box_top": {
    "x": 468.0,
    "y": 381.0,
    "x2": 360.0
  },
  "exam_box_center": {
    "x": 468.0,
    "y": 429.0,
    "x2": 360.0,
    "y2": 363.0
  },
  "exam_header": {
    "x": 525.0,
    "y": 360.0
  },
  "judge_box": {
    "x": 438.0,
    "y": 426.0
  },
  "exam_gauge": {
    "x": 445.5,
    "y": 430.5
  },
  "exam_combo": {
    "x": 445.5,
    "y": 430.5
  },
  "exam_score": {
    "x": 445.5,
    "y": 430.5
  },
  "exam_hit": {
    "x": 445.5,
    "y": 430.5
  },
  "exam_roll": {
    "x": 445.5,
    "y": 430.5
  },
  "exam_judgeperfect": {
    "x": 445.5,
    "y": 430.5
  },
  "exam_judgebad": {
    "x": 445.5,
    "y": 430.5
  },
  "exam_judgegood": {
    "x": 445.5,
    "y": 430.5
  },
  "judge_num": {
    "x": 631.5,
    "y": 477.0
  },
  "exam_percent": {
    "x": 627.0,
    "y": 487.5
  },
  "exam_less": {
    "x": 642.0,
    "y": 477.0
  },
  "exam_more": {
    "x": 642.0,
    "y": 477.0
  }
}