{
  "total_notes": {
    "x": 57,
    "y": 502
  },
  "total_notes_counter": {
    "x": 233,
    "y": 550
  },
  "exam_bg": {
    "x": 300,
    "y": 373
  },
  "exam_failed": {
    "x": 640,
    "y": 385
  },
  "exam_overlay_1": {
    "x": 300,
    "y": 373
  },
  "exam_overlay_2": {
    "x": 300,
    "y": 373
  },
  "frame": {
    "x": 46,
    "y": 367
  },
  "exam_max": {
    "x": 305,
    "y": 382
  },
  "exam_gold": {
    "x": 305,
    "y": 382
  },
  "exam_red": {
    "x": 305,
    "y": 382
  },
  "exam_combo": {
    "x": 1048,
    "y": 413
  },
  "exam_combo_text": {
    "x": 1048,
    "y": 413
  },
  "exam_drumroll": {
    "x": 1048,
    "y": 413
  },
  "exam_gauge": {
    "x": 1048,
    "y": 413
  },
  "exam_hit": {
    "x": 1048,
    "y": 413
  },
  "exam_judgebad": {
    "x": 1048,
    "y": 413
  },
  "exam_judgegood": {
    "x": 1068,
    "y": 413
  },
  "exam_judgeperfect": {
    "x": 1068,
    "y": 413
  },
  "exam_less": {
    "x": 1173,
    "y": 413
  },
  "exam_more": {
    "x": 1173,
    "y": 413
  },
  "exam_percent": [
    {
      "x": 1048,
      "y": 413
    },
    {
      "x": 472,
      "y": 396
    }
  ],
  "exam_score": {
    "x": 1048,
    "y": 413
  },
  "value_counter": [
    {
      "x": 1168,
      "y": 413
    },
    {
      "x": 467,
      "y": 391
    }
  ]
}
