{
  "progress_bar": {
    "x": 334,
    "y": 364
  },
  "progress_bar_bg": {
    "x": 334,
    "y": 364,
    "y2": 18,
    "x2": 890
  },
  "gogo_marker": {
    "x": 334,
    "y": 364
  },
  "large_drum": [
    {
      "x": 397,
      "y": 439
    },
    {
      "x": 867,
      "y": 439
    }
  ],
  "large_drum_don": [
    {
      "x": 397,
      "y": 439
    },
    {
      "x": 867,
      "y": 439
    }
  ],
  "large_drum_kat_l": [
    {
      "x": 397,
      "y": 439
    },
    {
      "x": 867,
      "y": 439
    }
  ],
  "large_drum_kat_r": [
    {
      "x": 397,
      "y": 439
    },
    {
      "x": 867,
      "y": 439
    }
  ],
  "playing": [
    {
      "x": 463,
      "y": 546
    },
    {
      "x": 933,
      "y": 546
    }
  ],
  "paused": {
    "x": 682,
    "y": 175
  }
}
