{
  "background": {
    "x": 363.0,
    "y": 45.0
  },
  "back": {
    "x": 442.5,
    "y": 198.0
  },
  "back_outline": {
    "x": 442.5,
    "y": 198.0
  },
  "box": {
    "x": 582.0,
    "y": 198.0
  },
  "box_highlight": {
    "x": 582.0,
    "y": 198.0
  },
  "box_outline": {
    "x": 582.0,
    "y": 198.0
  },
  "box_diff": {
    "x": 582.0,
    "y": 138.0
  },
  "box_text": {
    "x": 582.0,
    "y": 198.0
  },
  "box_text_highlight": {
    "x": 582.0,
    "y": 198.0
  },
  "star_select_text": {
    "x": 618.0,
    "y": 75.0
  },
  "star_select_prompt": {
    "x": 618.0,
    "y": 75.0
  },
  "star_limit": {
    "x": 682.5,
    "y": 157.5
  },
  "level_box": {
    "x": 534.0,
    "y": 240.0
  },
  "diff": {
    "x": 621.0,
    "y": 255.0
  },
  "star_num": {
    "x": 1101.0,
    "y": 262.5
  },
  "star": {
    "x": 652.5,
    "y": 390.0
  },
  "pongos": {
    "x": 738.0,
    "y": 600.0
  },
  "small_box": {
    "x": 438.0,
    "y": 607.5
  },
  "small_box_outline": {
    "x": 438.0,
    "y": 607.5
  },
  "small_box_highlight": {
    "x": 438.0,
    "y": 607.5
  },
  "small_box_text": {
    "x": 438.0,
    "y": 607.5
  },
  "small_box_text_highlight": {
    "x": 438.0,
    "y": 607.5
  },
  "stat_bg_1p": {
    "x": 37.5,
    "y": 234.0
  },
  "stat_bg_2p": {
    "x": 37.5,
    "y": 234.0
  },
  "stat_overlay": {
    "x": 37.5,
    "y": 234.0
  },
  "stat_num": {
    "x": 195.0,
    "y": 420.0
  },
  "stat_num_small": [
    {
      "x": 309.0,
      "y": 519.0
    },
    {
      "x": 309.0,
      "y": 588.0
    }
  ],
  "stat_num_star": [
    {
      "x": 249.0,
      "y": 490.5
    },
    {
      "x": 249.0,
      "y": 565.5
    }
  ],
  "stat_diff": {
    "x": 54.0,
    "y": 292.5
  },
  "stat_starx": {
    "x": 165.0,
    "y": 292.5
  },
  "stat_recommend": {
    "x": 37.5,
    "y": 234.0
  },
  "stat_prev": {
    "x": 37.5,
    "y": 234.0
  },
  "arrow": [
    {
      "x": 534.0,
      "y": 360.0
    },
    {
      "x": 1311.0,
      "y": 360.0
    }
  ]
}