{
  "0_start": {
    "y": 415
  },
  "0_loop": {
    "y": 415
  },
  "0_end": {
    "y": 415
  },
  "0_poof": {
    "y": 350
  },
  "1_start": {
    "y": 415
  },
  "1_loop": {
    "y": 415
  },
  "1_end": {
    "y": 415
  },
  "1_poof": {
    "y": 350
  },
  "2_start": {
    "y": 415
  },
  "2_loop": {
    "y": 415
  },
  "2_end": {
    "y": 415
  },
  "2_poof": {
    "y": 350
  },
  "3_start": {
    "y": 415
  },
  "3_loop": {
    "y": 415
  },
  "3_end": {
    "y": 415
  },
  "3_poof": {
    "y": 350
  }
}
