{
    "text_bg": {
        "x": 244,
        "y": 1080,
        "x2": 792,
        "y2": 192
    },
    "rainbow_bg_top": {
        "x": 0,
        "y": 720
    },
    "rainbow_bg_bottom": {
        "x": 0,
        "y": 1536
    },
    "rainbow_bg": {
        "x": 0,
        "y": 816,
        "y2": 720
    },
    "chara_left": {
        "x": 550,
        "y": 830
    },
    "chara_right": {
        "x": 550,
        "y": 860
    },
    "chara_center": {
        "x": 76,
        "y": 816
    }
}
