{
  "genre_banner": {
    "x": 605,
    "y": 105
  },
  "difficulty": {
    "x": 609,
    "y": 57
  },
  "difficulty_num": {
    "x": 708,
    "y": 75
  },
  "difficulty_x": {
    "x": 680,
    "y": 75
  },
  "difficulty_star": {
    "x": 659,
    "y": 75
  },
  "yellow_box_bottom_right": {
    "y": 543
  },
  "yellow_box_bottom_left": {},
  "yellow_box_top_right": {},
  "yellow_box_top_left": {},
  "yellow_box_left": {},
  "yellow_box_right": {},
  "yellow_box_bottom": {},
  "yellow_box_top": {},
  "yellow_box_center": {}
}
