{
    "background": {
        "x": 0,
        "y": 0,
        "x2": 1280,
        "y2": 720
    },
    "bachi": {
        "x": 350,
        "y": 220
    },
    "bachi_hit": {
        "x": 350,
        "y": 225
    },
    "chara_0": {
        "x": 115,
        "y": 150
    },
    "chara_1": {
        "x": 315,
        "y": 100
    },
    "chara_0_shadow": {
        "x": 135,
        "y": 453
    },
    "chara_1_shadow": {
        "x": 360,
        "y": 460
    },
    "warning_box": {
        "x": 0,
        "y": 0
    },
    "x_lightred": {
        "x": 150,
        "y": 200
    },
    "x_red": {
        "x": 150,
        "y": 200
    }
}
