{
  "background": {
    "x": 2400.0,
    "y": 540.0,
    "x2": 2400.0,
    "y2": 570.0
  },
  "bird": [
    {
      "x": 2100.0,
      "y": 540.0
    },
    {
      "x": 2100.0,
      "y": 690.0
    }
  ],
  "overlay": {
    "x": 0.0,
    "y": 540.0
  },
  "circle": {
    "x": 1248.0,
    "y": 568.5
  },
  "footer_1": {
    "x": -75.0,
    "y": 1080.0
  },
  "fish": [
    {
      "x": 240.0,
      "y": 720.0
    },
    {
      "x": -225.0,
      "y": 780.0
    }
  ],
  "wave": {
    "x": 240.0,
    "y": 720.0
  },
  "footer_2": {
    "x": -975.0,
    "y": 660.0
  }
}