{
  "border": {
    "x": 490.5,
    "y": 198.0
  },
  "1p_unfilled": {
    "x": 724.5,
    "y": 198.0
  },
  "2p_unfilled": {
    "x": 724.5,
    "y": 198.0
  },
  "overlay": {
    "x": 724.5,
    "y": 186.0
  },
  "rainbow": {
    "x": 724.5,
    "y": 228.0
  },
  "1p_bar": {
    "x": 736.5,
    "y": 240.0
  },
  "2p_bar": {
    "x": 736.5,
    "y": 240.0
  },
  "1p_bar_fade": {
    "x": 717.0,
    "y": 228.0
  },
  "2p_bar_fade": {
    "x": 717.0,
    "y": 228.0
  },
  "tamashii": {
    "x": 1780.5,
    "y": 195.0
  },
  "tamashii_dark": {
    "x": 1780.5,
    "y": 195.0
  },
  "tamashii_overlay": {
    "x": 1780.5,
    "y": 195.0
  },
  "tamashii_fire": {
    "x": 1699.5,
    "y": -25.5
  },
  "hit_effect_circle": {
    "x": 1737.0,
    "y": 151.5
  },
  "hit_effect_circle_big": {
    "x": 1737.0,
    "y": 151.5
  },
  "hit_effect": {
    "x": 1834.5,
    "y": 246.0
  }
}