{
  "exam_bg": {
    "x": 468,
    "y": 393
  },
  "exam_failed": {
    "x": 748,
    "y": 405
  },
  "exam_overlay_1": {
    "x": 468,
    "y": 393
  },
  "exam_overlay_2": {
    "x": 468,
    "y": 393
  },
  "exam_max": {
    "x": 473,
    "y": 401
  },
  "exam_gold": {
    "x": 473,
    "y": 401
  },
  "exam_red": {
    "x": 473,
    "y": 401
  },
  "exam_combo": {
    "x": 1072,
    "y": 413
  },
  "exam_combo_text": {
    "x": 1072,
    "y": 413
  },
  "exam_drumroll": {
    "x": 1072,
    "y": 413
  },
  "exam_gauge": {
    "x": 1072,
    "y": 413
  },
  "exam_hit": {
    "x": 1072,
    "y": 413
  },
  "exam_judgebad": {
    "x": 1072,
    "y": 413
  },
  "exam_judgegood": {
    "x": 1092,
    "y": 413
  },
  "exam_judgeperfect": {
    "x": 1092,
    "y": 413
  },
  "exam_less": {
    "x": 1168,
    "y": 413
  },
  "exam_more": {
    "x": 1168,
    "y": 413
  },
  "exam_percent": [
    {
      "x": 1043,
      "y": 413
    },
    {
      "x": 472,
      "y": 406
    }
  ],
  "exam_score": {
    "x": 1048,
    "y": 413
  },
  "value_counter": [
    {
      "x": 1163,
      "y": 413
    },
    {
      "x": 635,
      "y": 401
    }
  ],
  "fail": {
    "x": 32,
    "y": 176
  },
  "red_clear": {
    "x": 32,
    "y": 176
  },
  "gold_clear": {
    "x": 32,
    "y": 176
  }
}
