{
  "genre_banner": {
    "x": 605,
    "y": 105
  },
  "difficulty": {
    "x": 609,
    "y": 57
  },
  "difficulty_num": {
    "x": 708,
    "y": 75
  },
  "difficulty_x": {
    "x": 680,
    "y": 75
  },
  "difficulty_star": {
    "x": 659,
    "y": 75
  },
  "total_notes_bg": {
    "x": 284,
    "y": 182
  },
  "total_notes": {
    "x": 305,
    "y": 188
  },
  "total_notes_counter": {
    "x": 437,
    "y": 188
  },
  "frame": {
    "x": 272,
    "y": 58
  },
  "yellow_box_bottom_right": {
    "y": 543
  },
  "yellow_box_bottom_left": {},
  "yellow_box_top_right": {},
  "yellow_box_top_left": {},
  "yellow_box_left": {},
  "yellow_box_right": {},
  "yellow_box_bottom": {},
  "yellow_box_top": {},
  "yellow_box_center": {},
  "exam_box_bottom_left": {
    "x": 280,
    "y": 514
  },
  "exam_box_bottom_right": {
    "x": 552,
    "y": 514
  },
  "exam_box_top_right": {
    "x": 552,
    "y": 254
  },
  "exam_box_top_left": {
    "x": 280,
    "y": 254
  },
  "exam_box_left": {
    "x": 280,
    "y": 286,
    "y2": 242
  },
  "exam_box_right": {
    "x": 552,
    "y": 286,
    "y2": 242
  },
  "exam_box_bottom": {
    "x": 312,
    "y": 514,
    "x2": 240
  },
  "exam_box_top": {
    "x": 312,
    "y": 254,
    "x2": 240
  },
  "exam_box_center": {
    "x": 312,
    "y": 286,
    "x2": 240,
    "y2": 242
  },
  "exam_header": {
    "x": 350,
    "y": 240
  },
  "judge_box": {
    "x": 292,
    "y": 284
  },
  "exam_gauge": {
    "x": 297,
    "y": 287
  },
  "exam_combo": {
    "x": 297,
    "y": 287
  },
  "exam_score": {
    "x": 297,
    "y": 287
  },
  "exam_hit": {
    "x": 297,
    "y": 287
  },
  "exam_roll": {
    "x": 297,
    "y": 287
  },
  "exam_judgeperfect": {
    "x": 297,
    "y": 287
  },
  "exam_judgebad": {
    "x": 297,
    "y": 287
  },
  "exam_judgegood": {
    "x": 297,
    "y": 287
  },
  "judge_num": {
    "x": 421,
    "y": 318
  },
  "exam_percent": {
    "x": 418,
    "y": 325
  },
  "exam_less": {
    "x": 428,
    "y": 318
  },
  "exam_more": {
    "x": 428,
    "y": 318
  }
}
